<?xml version="1.0" encoding="UTF-8"?>
<!--
  When updating your version of GWT, you should also update this DTD reference,
  so that your app can take advantage of the latest GWT module capabilities.
-->
<!DOCTYPE module PUBLIC "-//Google Inc.//DTD Google Web Toolkit 2.6.0//EN"
  "http://google-web-toolkit.googlecode.com/svn/tags/2.6.0/distro-source/core/src/gwt-module.dtd">
<module rename-to='sample'>
  <!-- Inherit the core Web Toolkit stuff.                        -->
  <inherits name='com.google.gwt.user.User'/>

  <!-- Inherit the default GWT style sheet.  You can change       -->
  <!-- the theme of your GWT application by uncommenting          -->
  <!-- any one of the following lines.                            -->
  <inherits name='com.google.gwt.user.theme.clean.Clean'/>
  <!-- <inherits name='com.google.gwt.user.theme.standard.Standard'/> -->
  <!-- <inherits name='com.google.gwt.user.theme.chrome.Chrome'/> -->
  <!-- <inherits name='com.google.gwt.user.theme.dark.Dark'/>     -->

  <!-- Other module inherits                                      -->

  <!-- Specify the app entry point class.                         -->
  <entry-point class='com.website.sample.client.Sample'/>

  <!-- Specify the paths for translatable code                    -->
  <inherits name='io.github.nathanross.gwtrifold.GWTriFold'/>
  <stylesheet src="TriFold-Fullscreen.css"/>
  <stylesheet src="Demo1.css"/>
  <!-- <stylesheet src="Demo2.css"/> --> 
  <!-- <stylesheet src="Demo3.css"/> -->
  <stylesheet src="responsive_fontsize_clean.css"/>
  <source path='client'/>
  <source path='shared'/>

</module>
